{"cameraMode":{"drawMode":0,"name":"Shaded","section":"Shading Mode"},"sceneLighting":false,"audioPlay":false,"sceneViewState":{"m_AlwaysRefresh":false,"showFog":true,"showSkybox":true,"showFlares":true,"showImageEffects":true,"showParticleSystems":true,"showVisualEffectGraphs":true,"m_FxEnabled":true},"in2DMode":false,"pivot":{"x":7.865283012390137,"y":29.203975677490236,"z":-36.52952575683594},"rotation":{"x":-0.21767619252204896,"y":0.03777369111776352,"z":-0.008451174013316632,"w":-0.9752478003501892},"size":2.6280388832092287,"orthographic":false}