{"cameraMode":{"drawMode":0,"name":"Shaded","section":"Shading Mode"},"sceneLighting":false,"audioPlay":false,"sceneViewState":{"m_AlwaysRefresh":false,"showFog":true,"showSkybox":false,"showFlares":true,"showImageEffects":true,"showParticleSystems":true,"showVisualEffectGraphs":true,"m_FxEnabled":true},"in2DMode":false,"pivot":{"x":-0.7529064416885376,"y":1.3726487159729005,"z":105.43415832519531},"rotation":{"x":-0.14701148867607118,"y":0.026116862893104554,"z":-0.003851222340017557,"w":-0.9887446761131287},"size":1.2247449159622193,"orthographic":false}